Image Name,Air Percentage
fig8-B.jpg,59.05758116084604
fig8-C.jpg,69.65778353536288
fig8-D.jpg,67.00879421536057
fig8-E.jpg,61.39819046730716
testPerfect50.png,50.0
